,L_GLCM_clusTend,L_GLCM_correl1,L_GLDZM_DZN,L_GLDZM_HISDE,L_GLDZM_INN,L_GLRLM_LRHGE,L_GLRLM_RE,L_GLSZM_HILAE,L_GLSZM_SAE,L_IH_qcod,L_NGLDM_DE,L_Stats_min,R_GLCM_clusTend,R_GLCM_correl1,R_GLDZM_DZN,R_GLDZM_HISDE,R_GLDZM_INN,R_GLRLM_LRHGE,R_GLRLM_RE,R_GLSZM_HILAE,R_GLSZM_SAE,R_IH_qcod,R_NGLDM_DE,R_Stats_min,target
0,-0.8698906302452087,0.8683527708053589,-0.8642227649688721,1.3540923595428467,0.594334065914154,-0.5885567665100098,0.3485091030597687,-0.24109318852424622,-1.0753240585327148,0.04584227874875069,0.6379531621932983,1.509105920791626,-0.5404329895973206,0.7224590182304382,-0.6878884434700012,0.7536301016807556,0.7609683275222778,-0.14757202565670013,0.4189714193344116,-0.08140307664871216,0.18225029110908508,0.29019051790237427,0.4561106860637665,-0.16112792491912842,0.0
1,2.572692737,0.8683527934780827,-0.8642227936404586,1.354092357249408,0.5943340802188867,-0.5885567959110042,0.3485090981775202,-0.2410931936920564,-1.07532402308468,0.045842280332819,0.6379531770458344,1.5091059015674686,-0.540432966325218,0.7224590364390527,-0.6878884588904122,0.7536300907860197,0.7609683285284571,-0.1475720240101028,0.4189714141507301,-0.0814030753825141,0.1822502937837033,0.2901905245370468,0.4561106910891747,-0.1611279193033841,1.0
