,L_GLCM_clusTend,L_GLCM_correl1,L_GLDZM_DZN,L_GLDZM_HISDE,L_GLDZM_INN,L_GLRLM_LRHGE,L_GLRLM_RE,L_GLSZM_HILAE,L_GLSZM_SAE,L_IH_qcod,L_NGLDM_DE,L_Stats_min,R_GLCM_clusTend,R_GLCM_correl1,R_GLDZM_DZN,R_GLDZM_HISDE,R_GLDZM_INN,R_GLRLM_LRHGE,R_GLRLM_RE,R_GLSZM_HILAE,R_GLSZM_SAE,R_IH_qcod,R_NGLDM_DE,R_Stats_min,target
0,-0.5008726716041565,1.1152217388153076,-0.47450384497642517,-0.042550306767225266,0.12030301988124847,-0.45897531509399414,-0.0738208070397377,0.7572230696678162,-0.7502847909927368,0.3818003833293915,0.11127612739801407,0.4099472761154175,0.39371272921562195,0.7084987759590149,-0.08731788396835327,0.4919942021369934,0.18542587757110596,-0.051479145884513855,0.4378594756126404,-0.12509676814079285,0.2869720458984375,0.6134690046310425,0.42983976006507874,-0.31079572439193726,1.0
1,-0.5008726938270123,1.1152217860041989,-0.4745038571255414,-0.042550306166521,0.120303019039245,-0.4589753194481037,-0.0738208074399151,0.7572230596179506,-0.7502848059059535,0.3818003893560406,0.1112761265866661,0.4099472764177175,-0.537507064,0.7084987801993304,-0.0873178860183384,0.4919941918476357,0.1854258799972991,-0.0514791464876744,-0.67479786,-0.1250967700298954,0.2869720443178026,0.613469008208672,0.4298397531790263,-0.3107957300860627,0.0
