,L_GLCM_clusTend,L_GLCM_correl1,L_GLDZM_DZN,L_GLDZM_HISDE,L_GLDZM_INN,L_GLRLM_LRHGE,L_GLRLM_RE,L_GLSZM_HILAE,L_GLSZM_SAE,L_IH_qcod,L_NGLDM_DE,L_Stats_min,R_GLCM_clusTend,R_GLCM_correl1,R_GLDZM_DZN,R_GLDZM_HISDE,R_GLDZM_INN,R_GLRLM_LRHGE,R_GLRLM_RE,R_GLSZM_HILAE,R_GLSZM_SAE,R_IH_qcod,R_NGLDM_DE,R_Stats_min,target
0,-0.17046311497688293,0.5800514817237854,0.5077822804450989,-1.089101791381836,-0.29324105381965637,-0.8542226552963257,0.554884672164917,-0.5912375450134277,-0.517356276512146,2.2161316871643066,0.7283048629760742,1.5200388431549072,-0.08900903910398483,0.5281410813331604,0.21014919877052307,-0.4107988774776459,0.30880653858184814,-0.3049229085445404,0.4510935842990875,-0.1748167723417282,0.2744166851043701,1.179206371307373,0.47485196590423584,-0.20071448385715485,1.0
1,-0.1704631115455301,0.5800514965558631,0.5077823077078913,-1.089101818300397,-0.2932410646508302,218.8119552336,0.554884684768567,-0.5912375310058922,-0.5173563047943361,2.2161316348643347,0.7283048446384904,1.5200388221489511,-0.08900904000665,0.52814107212666,0.2101491930101303,-0.4107988777837066,0.3088065423741575,-0.304922921279108,0.4510935907816937,-0.1748167763274281,0.2744166838423803,-0.374245,0.4748519744522574,-0.2007144771104531,0.0
